Company Name,Website
1904labs,http://www.1904labs.com/
23andme,http://www.23andme.com/
3md inc.,-1
4c insights,http://www.4cinsights.com/
7park data,http://www.7parkdata.com/
a place for mom,http://www.aplaceformom.com/
a-line staffing solutions,http://www.alinestaffing.com/
abacus service operation,-1
abb,http://www.abb.com/
abrigo,http://www.abrigo.com/
acara solutions,https://acarasolutions.com/
accela incorprated,-1
acceleron pharma,http://www.acceleronpharma.com/
"accolade technologies, llc",http://www.macysjobs.com/
actioniq,http://www.actioniq.com/
acuity insurance,http://www.acuity.com/
acuity systems llc,-1
"acuity, inc.",http://www.myacuity.com/
adams communication & eng tech inc,http://www.adamscomm.com/
aditi consulting,http://www.aditiconsulting.com/
admarketplace,http://www.massmutual.com/
admarketplace,http://www.admarketplace.com/
adp technology services inc,-1
"adp technology services, inc.",-1
adpi llc,http://www.adpillc.com/
advance solutions corporation,-1
advanced bioscience laboratories,http://www.ablinc.com/
advanced food products,-1
advantage resourcing,https://www.advantageresourcing.com/
advantex,-1
aerovironment,http://www.avinc.com/
affinity health plan,http://www.affinityplan.org/
affinity solutions,http://www.affinitysolutions.com/
"ag consulting partners, inc.",http://www.agconsultingpartners.com/
"agema technology, inc",-1
agios pharmaceuticals,http://www.agios.com/
ahead,http://www.thinkahead.com/
aic,-1
"airbnb, inc.",-1
ait global inc,-1
alaant workforce solutions,http://www.alaant.com/
alans group,-1
albin engineering services,http://www.aesi.com/
alector,http://www.alector.com/
alignment healthcare,http://www.alignmenthealthcare.com/
alk technologies,http://maps.trimble.com/
alliance source testing,http://www.stacktest.com/
alliancebernstein,http://www.alliancebernstein.com/
allied solutions,http://www.alliedsolutions.net/
allyis,-1
allyis,http://www.allyis.com/
alpha consulting corp.,http://www.alphaconsulting.com/
altarum,http://www.altarum.org/
alteryx,http://www.alteryx.com/
altran,http://www.altran-na.com
am/ns calvert,http://www.amnscalvertjobs.com/
amazon,http://www.amazon.jobs/
american axle & manufacturing,http://www.aam.com/
american cybersystems,http://www.analysts.com
american family insurance,http://www.amfam.com/about/careers
amica mutual,http://www.amica.com/
amida technologies,-1
amped i,http://www.ampedi.com/
amrock,http://www.amrock.com/
amtec human capital,http://amtec.us.com
amwell,http://www.americanwell.com/
analysis and measurement services corp.,http://www.ams-corp.com/
analysis group,http://www.analysisgroup.com/
analytic partners,http://www.analyticpartners.com/
analytical mechanics associates,http://www.ama-inc.com
analyticx llc,-1
anjaneyap global inc.,-1
anju software,-1
answerrocket,http://www.answerrocket.com/
apellis pharmaceuticals,http://www.apellis.com/
"aperio global, llc",-1
apex analytix,http://www.apexanalytix.com/
apex systems,https://www.apexsystems.com
apolis,https://www.apolisrises.com/
apple federal credit union,http://www.applefcu.org/
applicantz inc,-1
applied information sciences,http://www.appliedis.com/
applied materials,http://www.appliedmaterials.com/
applied research laboratories,http://www.arlut.utexas.edu/
appriver,http://www.appriver.com/
apptness media group,http://www.apptness.io/
apsi wifi services,http://www.apsiwifi.com/
aptonet inc,http://www.aptonet.com/
"aptude, inc.",http://www.aptude.com/
arbella insurance,http://www.arbella.com/
arena solutions,http://www.arenasolutions.com/
argo group us,http://www.argolimited.com/
arkhya tech inc,-1
arrow electronics,http://www.fiveyearsout.com/
arsenal biosciences,http://www.arsenalbio.com/
ascension,http://jobs.ascension.org/ourwork
ascent services group,https://ascentsg.com/
asembia,-1
asml,http://www.asml.com/en/careers
"aspex, inc.",-1
asrc federal holding company,http://www.asrcfederal.com/
associated banc-corp,http://www.associatedbank.com/
associated electric cooperative,http://www.aeci.org/
assurant,http://www.assurant.com/
"assured information security, inc. (ais)",http://www.ainfosec.com/
astellas,-1
astrazeneca,http://www.astrazeneca.com/
astreya,http://www.astreya.com/
"at work staffing, inc.",-1
atn international,-1
"atrilogy solutions group, inc",-1
atterro,http://atterro.com
audentes therapeutics,http://www.audentestx.com/
"australian government department of industry, science, energy & resources",-1
auto/mate dealership systems,http://www.automate.com/
autodesk,http://www.autodesk.com/
avalara,http://www.avalara.com/
avalonbay communities,http://www.avaloncommunities.com/
avant,http://www.avant.com/
avb marketing,http://www.avbmarketing.com/
avian,http://www.avian.com/
avlino,http://www.avlino.com/
avvo,http://www.avvo.com/
axelaar,-1
axonics modulation technologies,http://www.axonics.com/
b4corp,http://www.b4corp.com/
"bacon, farmer, workman engineering & testing, inc.",-1
bahwan cybertek,-1
bamboohr,http://www.bamboohr.com/
bank ozk,http://www.ozk.com/
bankers healthcare group,http://www.bankershealthcaregroup.com/
bankunited,http://www.bankunited.com/
barracuda networks inc.,http://www.barracudanetworks.com/
base2 solutions,http://www.base2s.com/
basware inc.,-1
baxter and woodman inc,http://www.baxterwoodman.com/
bay area wedding affairs,-1
"bayforce technology solutions, inc.",http://bayforce.com
bcforward,http://bcforward.com/
"bcl technologies, inc",-1
beacon hill staffing group,https://www.beaconhillstaffing.com/
beck's hybrids,http://www.beckshybrids.com/
berg health,http://www.berghealth.com/
berry appleman & leiden,http://www.balglobal.com/
"bioclinica, inc.",http://www.bioclinica.com/
biogen,http://www.biogen.com/
biomarin pharmaceutical,http://www.biomarin.com/
biz2credit inc,http://www.biz2credit.com/
blink health,http://www.blinkhealth.com/
blucora,http://www.blucora.com/
blue line talent,-1
blue owl,http://www.blueowl.xyz/
bluebird bio,http://www.bluebirdbio.com/
bluecross blueshield of tennessee,http://www.bcbst.com/
blueprint medicines,http://www.blueprintmedicines.com/
bnp paribas,-1
bowhead,http://www.bowheadsupport.com/
bridg,http://www.bridg.com/
bridgerock data,-1
brighthouse financial,http://www.brighthousefinancial.com/
brillient,http://www.brillient.net/
brinks home security,http://www.brinkshome.com/
briq,http://www.br.iq/
bristol-myers squibb,http://www.bms.com/
building enclosure science,-1
buildium,http://www.buildium.com/
business plan solutions,-1
c space,http://www.cspace.com/
c3.ai,http://www.c3.ai/
ca-one tech cloud,http://www.ca-one.com/
caci international,http://www.caci.com/
cafemedia,http://www.cafemedia.com/
calibre systems,http://www.calibresys.com/
callisto media,http://www.callistomedia.com/
calnet,http://www.calnet.com/
calspan,-1
camelot facility management solutions,-1
capco (co),http://www.capcoinc.com/
capital metro,http://www.capmetro.org/
capstone corporation,https://www.capstonecorp.com/
capstone mining,http://www.capstonemining.com/
captech,http://www.captechconsulting.com/
carefirst bluecross blueshield,http://www.carefirst.com/
carekinesis,http://www.carekinesis.com/
caresoft inc.,-1
cargurus,http://www.cargurus.com/
carmeuse,http://www.carmeuse.com/
catalyst software,http://www.getcatalyst.io/
catalyte,http://www.catalyte.io/
catapult solutions group,-1
cboe global markets,http://www.cboe.com/
cbts,http://www.cbts.com/
cdk global,http://www.cdkglobal.com/
celanese,-1
censys,http://www.censys.io/
central california alliance for health,http://www.ccah-alliance.org/
centraprise,-1
centro,http://www.centro.net/
centurylink,http://www.centurylink.com/
cerus corporation,http://www.cerus.com/
"cgi group, inc.",-1
cgs,-1
"cha consulting, inc.",http://www.chacompanies.com/
chameleon integrated services,http://www.chameleonis.com/
chan zuckerberg initiative,http://www.chanzuckerberg.com/
"change healthcare technologies, llc",-1
charles schwab,http://www.schwab.com/
chateck incorporated,-1
chi health,http://www.catholichealthinitiatives.org/
christiana care,http://www.christianacare.org/
ciber,http://www.ciber.com/
"ciber, inc.",https://www.ciber.com/
cisco systems - engineering - software,http://www.cisco.com/
citizens property insurance,http://www.citizensfla.com/
"civil consulting group, pllc",-1
clari,-1
clarity insights,http://www.clarityinsights.com/
clark schaefer hackett,http://www.cshco.com/
clarus commerce,http://www.claruscommerce.com/
classy llama,http://www.classyllama.com/
clear markets,-1
clearone advantage,http://www.clearoneadvantage.com/
clinpharma consulting global group (ccgg),-1
cloudian,http://www.cloudian.com/
cloudtamer.io,http://www.cloudtamer.io/
cloutera,http://www.cloutera.com/
"cmc tech, inc.",-1
cobec consulting,http://www.cobec.com/
cogility software,http://www.cogility.com/
cognex,http://www.cognex.com/
cognizant,-1
cogo labs,http://www.cogolabs.com/
"colaberry, inc.",-1
collabera,http://www.collabera.com
"collinwood technology partners, llc",http://www.collinwoodpartners.com/
community behavioral health,http://www.dbhids.org/
compqsoft,http://www.compqsoft.com/
computer services,http://www.csiweb.com/
comso,http://www.comso.com/
comtech safety & security technologies,http://www.comtech911.com/
"conch technologies, inc",-1
concord,https://concordusa.com/
connexion systems and engineering,-1
consolidation,-1
constant contact,http://www.constantcontact.com/
"consultnet, llc",http://www.consultnet.com/
corcentric,http://www.corcentric.com/
core consultants,http://www.corecivil.com/
corporate technologies inc.,http://www.cptech.com/
cortech llc,-1
cottonwood financial,https://www.monster.com/company/profiles/cottonwood-financial-administrative-services-llc/
couchbase,http://www.couchbase.com/
"coupa software, inc.",http://www.coupa.com/
"coursera, inc.",-1
covance,-1
"cpacket networks, inc.",-1
cps energy,http://www.cpsenergy.com/
creative employment solutions,-1
creator,http://www.creator.rest/
creator deck media,-1
credence management solutions llc,http://credence-llc.com/
credera,http://www.credera.com/
creehan company corporation,-1
crescent electric supply,http://www.cesco.com/
crisp health,-1
criterion systems,http://www.criterion-sys.com/
cross country home services,http://www.cinchhomeservices.com/
crossix solutions,http://www.crossix.com/
crown bioscience,http://www.crownbio.com/
crum & forster,-1
csc,http://www.cscglobal.com/
csg,http://www.csgi.com/
csl behring,-1
curb,-1
curtis instruments,http://www.curtisinst.com/
cushman & wakefield,http://www.cushmanwakefield.com/
cybercoders,http://www.cybercoders.com
cybercore technologies,http://www.cybercoretech.com/
cybertec inc,-1
cyfor technologies llc,-1
cypress hcm,http://www.cypresshcm.com/
cyrusone,http://www.cyrusone.com/
d.a. davidson companies,http://www.dadavidson.com/
daily harvest,-1
dama financial,-1
dasan zhone solutions,http://www.dzsi.com/
dasera inc,-1
dassault systemes,http://www.3ds.com/
"dat solutions, llc",-1
data computer corporation of america (dcca),-1
data decisions group llc,-1
data innovations,http://www.datainnovations.com/
"databricks, inc.",-1
datascan,http://www.onedatascan.com/
datavision inc,http://datavision-inc.com/
datawave technologies,-1
datron world communications,http://www.dtwc.com/
datum software,-1
daugherty business solutions,http://www.daugherty.com/
"dayton freight lines, inc.",http://www.daytonfreight.com/
dcp midstream,-1
dcs corporation,https://www.dcscorp.com/
de lage landen,http://www.dllgroup.com/
decisio health,-1
decisio health inc.,-1
decisive analytics corporation,http://www.dac.us/
decisive intel,http://www.decisiveintel.com/
decode_m,-1
deepmap,http://www.deepmap.ai/
dell,-1
delta dental,http://www.ddpmi.com
demandbase,http://www.demandbase.com/
dentaquest,http://www.dentaquest.com/
desc,http://www.desc.org/
dev technology group,-1
dev30bo company5,-1
dezign concepts llc,-1
dialogtech,http://www.dialogtech.com/
digisonics,-1
digital air strike,http://www.digitalairstrike.com/
digital technology solutions,http://www.dts-it.com/
digitalocean,http://www.digitalocean.com/
dilanti media limited,-1
discovery communications,-1
"diversant, llc",http://www.diversant.com/
"diversant, llc.",http://www.diversant.com/
divvy homes,-1
"dobra resources, inc",http://www.pyramidci.com/
dodge data & analytics,http://www.construction.com/
doll inc.,-1
donatech,http://www.donatech.com/
donnelley financial solutions,http://www.dfinsolutions.com/
drb systems,http://www.drbsystems.com/
dreams are free llc,-1
drfirst,http://www.drfirst.com/
dtg consulting solutions inc.,http://www.dtgconsulting.com
dtn,http://www.dtn.com/
"ducharme, mcmillen & associates",http://www.dmainc.com/
duck creek technologies,http://www.duckcreek.com/
duluth trading company,http://www.duluthtrading.com/
dwfritz,http://www.dwfritz.com/
e-trade,-1
eag laboratories,http://www.eag.com/
eastman kodak,http://www.kodak.com/
eatel,http://www.eatel.com/
eclaro,http://www.eclaroit.com
ecri institute,-1
"edi staffing, an edi specialists company",https://www.edistaffing.com/
"edison software, inc.",-1
edt engineers,http://www.dwfritz.com/
edt engineers,http://www.juniper.net/
"edupoint educational systems, llc",http://www.edupoint.com/
edward rose & sons,http://www.edwardrose.com/
"efolder, inc",-1
eguard tech,http://www.eguardtech.com/
eisai,http://www.eisai.eu/
el camino health,http://www.elcaminohealth.org/
elanco,http://www.elanco.com/
electronic warfare assoc,-1
electronic warfare associates,http://www.ewa.com/
eliassen group,http://www.eliassen.com/
emerge,http://www.emerge.io/
emoney advisor,http://www.emoneyadvisor.com/
employee navigator,http://www.employeenavigator.com/
"emtec, inc.",http://www.emtecinc.com/
encore,-1
enexus global,-1
enquizit inc.,-1
enroute computer solutions,-1
enroute computer solutions,-1
ensis technologies,-1
entefy,http://www.entefy.com/
enterprise medical recruiting,-1
environmental systems,http://www.envirosys.com/
"epitec, inc.",https://epitec.com/
equian llc,http://www.equian.com/
erc,http://www.ercbpo.com/
ericsson inc.,-1
esri,http://www.esri.com/
"essilor of america, inc.",-1
"eteam, inc.",http://www.eteaminc.com
everfi,http://www.everfi.com/
eversight,http://www.eversightlabs.com/
eversight,http://www.paconsulting.com/
evidera,http://www.evidera.com/
evolve vacation rental,http://www.evolvevacationrental.com/
evolvinc,http://www.evolvinc.com/
evoqua,-1
excella consulting,http://www.excella.com/
"executive hills management, inc",-1
expedent corp,-1
experienced recruiting partners,-1
"extrahop networks, inc.",http://www.extrahop.com/
f&g,http://www.fglife.com/
f4 tech,-1
factual,http://www.factual.com/
faire,http://www.faire.com/
"federated hermes, inc.",-1
fidelity talentsource,-1
figure,http://www.figure.com/
figure eight,http://www.figure-eight.com/
finastra,http://www.finastra.com/
first advantage corporation,http://www.fadv.com/
first american payment systems,http://www.first-american.net/
first american payment systems,http://www.gdit.com/
"first command financial services, inc.",http://www.firstcommand.com/
fisec global,-1
five stones research corporation,http://www.5sr-hsv.com/
flyhomes,-1
fm global,http://www.fmglobal.com/
fm systems,http://www.fmsystems.com/
focus capital markets,-1
force 3,http://www.force3.com/
forgerock,http://www.forgerock.com/
formation,http://www.formation.ai/
formidable,http://www.formidable.com/
forsk,http://www.forsk.com
fortegra financial,http://www.fortegra.com/
fox world travel,http://www.foxworldtravel.com/
framatome,-1
franklin electric,https://franklin-electric.com/
freddie mac,-1
frederick national laboratory,-1
frederick national laboratory,-1
freedman healthcare,http://www.freedmanhealthcare.com/
freedom financial network,http://www.freedomfinancialnetwork.com/
freedompay,http://corporate.freedompay.com/
freewave technologies,http://www.freewave.com/
frontier technology inc.,http://www.fti-net.com/
fusco personnel inc.,http://fuscopersonnel.net/
futuralis tech,-1
galileo financial technologies,http://www.galileo-ft.com/
gayle manufacturing company,-1
ge digital holdings llc,-1
gearbox3d llc,-1
geisinger,http://www.geisinger.org/
gemini,-1
genentech,http://www.gene.com/
general dynamics electric boat,http://www.gdeb.com/
general dynamics information technology,http://www.gdit.com/
general dynamics land systems,http://www.gdls.com/
genesis10,http://www.genesis10.com/
genuent llc,http://www.genuent.net/
genworth,-1
geologics consulting,-1
gfi digital inc.,http://www.gfidigital.com/
global edge software inc,-1
global infotech inc,-1
globalupside,http://www.globalupside.com
globus information system llc,-1
gns healthcare,http://www.gnshealthcare.com/
gny insurance companies,http://www.gny.com/
gogo llc,-1
google llc,-1
gotrg,http://www.gotrg.com/
govtech,http://www.tech.gov.sg/careers/overview
grabango,http://www.grabango.com/
"gracenote, inc., a nielsen company",-1
gravitec systems inc.,http://www.gravitec.com/
great west casualty company,http://www.gwccnet.com/
great-circle technologies,http://www.gct.tech/
greatamerica financial services,http://www.greatamerica.com/
greatcall,http://www.greatcall.com/
greenlight biosciences,http://www.greenlightbiosciences.com/
greenwich biosciences,http://www.greenwichbiosciences.com/
gs global services inc.,-1
gsn games,http://www.gsngames.com/
"gtt, llc",http://www.gttit.com
guidepoint,http://www.guidepoint.com/
"guidewire software, inc.",http://www.guidewire.com/
h. lee moffitt cancer center & research institute,-1
h2o.ai,http://www.h2o.ai/
hamilton porter llc,http://www.hamilton-porter.com/
hanover research,http://www.hanoverresearch.com/
harbourvest,http://www.harbourvest.com/
"harmonia holdings group, llc",-1
harvard pilgrim,http://www.harvardpilgrim.org/
"harvey nash, inc",https://www.harveynash.com/
hays specialist recruitment,http://www.hays.com/
hc technologies,http://www.hctech.com/
healthgrades,http://www.healthgrades.com/
healthline media,http://www.healthline.com/
hellas construction,http://www.hellasconstruction.com/
henkel,https://www.henkel-northamerica.com/
hersheycareers,-1
hg insights,http://www.hginsights.com/
high 5 games,http://www.high5games.com/
hire resolve,http://www.hireresolve.com/
hobsons,http://www.hobsons.com/
homes.com,http://www.homes.com/
homma inc.,http://www.hom.ma/
"homology medicines, inc.",-1
honeywell,-1
hooks hr consulting,-1
hover,http://www.hover.to/
hr pundits inc,http://www.hrpundits.com/
hygiena,http://www.hygiena.com/
hysphere inc.,-1
hytorc,http://www.hytorc.com/
"i.m. systems group, inc.",-1
ibm,http://www-03.ibm.com/employment/us/
icbd holdings llc,-1
ici services corporation,-1
icon savings plan,-1
iconma,https://www.iconma.com/
icw group,http://www.icwgroup.com/
idaho central credit union,http://www.iccu.com/
"ideal aerosmith, inc",-1
idexcel,-1
ifg companies,http://www.ifgcompanies.com/
iflex inc.,-1
igg,http://www.igg.com/
ignw,http://www.ignw.io/
ihs markit,-1
illumina,http://www.illumina.com/
imagesoft,http://www.imagesoftinc.com/
imodules,http://go.imodules.com/careercenter
in-depth engineering corporation,-1
"indrasoft, inc.",-1
info. objects,http://www.infoobjects.com/
infobahn softworld inc,-1
information builders,http://www.informationbuilders.com/
"infoweb systems, inc.",-1
ingenium technologies,http://www.ingeniumtech.com
inland empire health plan,http://www.iehp.org/
"innovative interfaces, inc",http://www.iii.com/
"insight enterprises, inc.",http://www.insight.com/
inspira inc,-1
integral ad science,http://www.integralads.com/
integrate,http://www.integrate.com/
integrated information systems,-1
integrity communications solutions,-1
intellectfaces it,-1
interactions,http://www.interactions.com/
interactive brokers llc,https://www.interactivebrokers.co.in/en/home.php
intigrow,-1
intraedge,http://www.intraedge.com/
intuit,-1
intuit - data,http://www.intuit.com/
intuit - software engineering,http://www.intuit.com/
intuitive surgical,http://www.intuitive.com/
intuitive surgical,-1
"intuitive surgical operations, inc.",-1
iqvia,http://www.iqvia.com/
iqvia,https://www.iqvia.com/
iris software inc.,-1
irving burton associates (iba),-1
isolved hcm,http://www.isolvedhcm.com/
it echelon corporation,-1
it engagements inc,-1
it worx inc,-1
itc infotech (usa) inc,http://www.itcinfotech.com
iteam inc,-1
ithaka,http://www.ithaka.org/
"itlize global, llc",-1
"j.b. hunt transport, inc.",-1
j.p. morgan chase & co,-1
jbl resources,-1
jd.com american technologies corp.,-1
jdrf international,http://www.jdrf.org/
job juncture,-1
job juncture,http://www.jobjuncture.com/
joby aviation,-1
john bean technologies corporation,http://www.jbtc.com/
johns hopkins applied physics laboratory (apl),-1
johns hopkins health care,http://jobs.hopkinsmedicine.org/
johns hopkins university applied physics laboratory,http://www.jhuapl.edu/
johnson service group,https://www.jsginc.com/
jp morgan chase & co.,-1
jpmorgan chase,-1
jpmorgan chase & co,-1
jpmorgan chase & co.,-1
jpmorgan chase and co.,-1
jumpcloud,http://www.jumpcloud.com/
juniper networks,-1
juniper networks,http://www.juniper.net/
jyve,http://www.jyve.com/
k square solutions inc,-1
k&a engineering consulting,-1
kaimetrix,http://www.kaimetrix.com/
karyopharm therapeutics inc.,http://www.karyopharm.com/
kateeva,http://www.kateeva.com/
kavaliro,https://kavaliro.com/
kaygen inc,-1
keen technology consulting,https://www.keenconsulting.com/
"keen360, inc.",-1
kelly,http://www.kellyservices.com/
kencast,-1
kforce,http://www.kforce.com/
kingland systems,http://www.kingland.com/
klaviyo,http://www.klaviyo.com/
knowbe4,http://www.knowbe4.com/
knowledge enterprise,-1
known,-1
kodiak robotics,http://www.kodiak.ai/
kohls,-1
kollasoft inc.,-1
"kr elixir, inc",-1
kratos defense & security solutions,http://www.kratosdefense.com/
kryterion inc,http://www.kryteriononline.com/
kyriba corp.,http://www.kyriba.com/
l&t technology services limited,-1
l3harris,http://www.l3harris.com/
labcorp,-1
lacework,http://www.lacework.com/
lacima,-1
lambda research corporation,-1
lanic aerospace,-1
"latitude 36, inc",-1
lcg,http://www.lcginc.com/
leclanché,-1
legal & general america,http://www.lgamerica.com/
legalzoom,http://www.legalzoom.com/
leidos,-1
lenmar consulting,-1
"lexisnexis risk solutions, inc.",-1
"liberty it solutions, llc",http://www.libertyits.com/
liberty mutual insurance,http://www.libertymutualgroup.com/
liebherr mining equipment newport news co.,-1
life.church,http://www.life.church/
life360,http://www.life360.com/
lifetouch national school studios inc.,http://www.lifetouch.com/
lifevantage,-1
lighthouse,http://www.lighthouseglobal.com/
"lingatech, inc.",-1
"liveramp, inc.",-1
livongo,-1
llamasoft,http://www.llamasoft.com/
lockheed martin,http://www.lockheedmartin.com/
logic soft,-1
logic20/20,http://www.logic2020.com/
logistic services international,http://www.lsijax.com/
long beach memorial medical center,http://www.memorialcare.org/
longleaf system & network specialists,-1
looker,http://www.looker.com/
loop integration,http://www.loopintegration.com/
lorven technologies inc,-1
lrs,-1
lube-tech,http://www.lubetech.com/
lucid motors,http://www.lucidmotors.com/
luminar technologies,http://www.luminartech.com/
lundbeck,http://www.lundbeck.com/
luxoft usa inc,http://www.luxoft.com/
luxoft usa inc,-1
"lyft, inc.",-1
lynq technologies,-1
"macconnell & associates, p.c.",http://www.christianacare.org/
machine zone,http://www.mz.com/
macy's,http://www.macysjobs.com/
mailchimp,http://www.mailchimp.com/
major league baseball mlb,-1
make corp.,http://www.makecor.com/
managed markets insight & technology,http://www.mmitnetwork.com/life-at-mmit
mantech,http://www.mantech.com/
mantech international corporation,http://www.mantech.com/
mapup inc,-1
mark43,http://www.mark43.com/
marklogic,http://www.marklogic.com/
mars,http://www.mars.com/
mars it corp,-1
martin's famous pastry shoppe,-1
"mary jane prigge consulting, llc",http://www.mjpcjobs.com
massmutual,http://www.massmutual.com/
mastech digital,-1
mathematica policy research,http://www.mathematica.org/
mathworks,http://www.mathworks.com/
matrix medical network,-1
matrix resources,http://www.matrixres.com/
maxar technologies,http://www.maxar.com/
mccarthy building co,http://www.mccarthy.com/
mcsg technologies,http://www.mcsgtech.com/
mctish kunkel and associates,-1
"mdc international, inc.",-1
medbill,http://www.medbill.net/
medical science,http://www.mscweb.com/
"medical science & computing, llc",-1
medidata,-1
medidata solutions,http://www.medidata.com/
"medl mobile, inc",http://www.medlmobile.com/
mellanox technologies,http://www.mellanox.com/
memsql,http://www.memsql.com/
mentor graphics,http://www.mentor.com/
merchant e-solutions,http://www.merchante-solutions.com/
mercurygate international,http://www.mercurygate.com/
"meridian technologies, inc",-1
metrolink,http://www.metrolinktrains.com/
metromile,http://www.metromile.com/
microdesk,http://www.microdesk.com/
micron,-1
microsoft corporation,http://www.microsoft.com
microtek digital llc,-1
midland credit management,http://www.joinmcm.com/
milroy construction inc.,-1
mind tech inc,-1
mindtree ltd,-1
miracle software systems,-1
mission essential,-1
mitre,http://www.mitre.org/
mitsubishi electric,http://www.meaa-mea.com/
mitsubishi electric automation,http://us.mitsubishielectric.com/fa/en
mitsubishi electric research labs,http://www.merl.com/
mks instruments,-1
mobilecomm professianal inc,http://www.mcpsinc.com
mobileiron,http://www.mobileiron.com/
mobilityware,http://www.mobilityware.com/
moderna therapeutics,http://www.modernatx.com/
modus technologies,http://www.modusclosing.com/
mojio,http://www.moj.io/
mongodb,http://www.mongodb.com/
montage health,http://www.montagehealth.org/
monument health,http://www.monument.health/
moog,http://www.moog.com/
morgan engineering,-1
moser consulting,http://www.moserit.com/
mri software,http://www.mrisoftware.com/
mro (pa),http://www.mrocorp.com/
msci,-1
msk engineering & design,http://www.esri.com/
mutesix,http://www.mutesix.com/
mvp health care,http://www.mvphealthcare.com/
my job tank,http://www.myjobtank.com/
n.f. smith & associates,http://www.smithweb.com/
nask,http://www.n-ask.com/
national association of insurance commissioners,http://www.naic.org/
national general insurance,http://www.nationalgeneral.com/
national interstate,http://www.natl.com/
national kidney foundation,http://www.kidney.org/
national security agency,http://www.intelligencecareers.gov/nsa
national security agency (nsa),https://www.intelligencecareers.gov/NSA/
naval nuclear laboratory,-1
navex global,http://www.navexglobal.com/
navy federal credit union,http://www.navyfederal.org/
neato robotics,http://www.neatorobotics.com/
nec display solutions of america,http://www.necdisplay.com/
neci,http://www.neci.com/
neenah,http://www.neenah.com/
nektar therapeutics,http://www.nektar.com/
nes financial,http://www.nesfinancial.com/
nestle,http://www.nestle.com/
net2source inc.,http://www.net2source.com/
netbrain technologies,http://www.netbraintech.com/
"neteffects, inc.",http://neteffects.com/
netmotion software,http://www.netmotionsoftware.com/
netskope,http://www.netskope.com/
neurocrine biosciences,http://www.neurocrine.com/
new england biolabs,http://www.neb.com/
newport group,http://www.newportgroup.com/
"next level business services, inc.",http://www.nlbservices.com/
nextgen federal systems,http://www.nextgenfed.com/
ngdata us inc,-1
"ninja analytics, inc.",-1
njf global holdings,http://www.njf.com/
noblis,http://www.noblis.org/
nolij consulting,http://www.nolijconsulting.com/
norgate technology inc,http://www.norgate.com/
north carolina state univ.,-1
northbound llc,-1
northpointe bank,http://www.northpointe.com/
northrop grumman,http://www.northropgrumman.com/
northwell health,http://jobs.northwell.edu/
northwestern mutual,http://www.northwesternmutual.com/
"norvax, llc d/b/a go health",-1
novartis,-1
novetta,http://www.novetta.com/
npaworldwide recruitment network,-1
ns8,http://www.ns8.com/
nt concepts,http://www.ntconcepts.com/
ntersol,-1
ntrepid,http://www.ntrepidcorp.com/
ntt data services,http://www.nttdata.com/americas
nu skin,http://www.nuskin.com/
nu skin,http://www.vocera.com/
nuwave solutions,http://www.nuwavesolutions.com/
nvidia,http://www.nvidia.com/
"nypit, inc.",-1
oakwood university,http://www.oakwood.edu/
object partners,http://www.objectpartners.com/
"object technology solutions, inc. (otsi)",-1
odyssey systems,http://www.odysseyconsult.com
offerup,http://www.offerup.com/
"offerup, inc",-1
omega solutions inc.,-1
onemagnify,http://www.onemagnify.com/
onethree biotech,-1
onezero financial systems,-1
opal business solutions,-1
open systems technologies,http://www.opensystemstech.com/
openlogix corporation,http://www.open-logix.com
opinion dynamics,http://www.opiniondynamics.com/
oportun,http://www.oportun.com/
oportun. inc,http://www.oportun.com/
optum,-1
orange coast memorial medical center,http://www.memorialcare.org/
oregon mutual insurance,http://www.ormutual.com/
orgspire,http://www.orgspire.com/
orion advisor technology,http://www.orion.com/
osi engineering,-1
osi engineering,http://www.OSIengineering.com
osi engineering,http://www.osiengineering.com/
otr capital,http://www.otrcapital.com/
oversight systems,http://www.oversightsystems.com/
ozmo,http://www.ozmoapp.com/
p. cornely llc,-1
p2 energy solutions,http://www.p2energysolutions.com/
pa consulting,http://www.paconsulting.com/
pacific biosciences,http://www.pacificbiosciences.com/
pacific northwest national laboratory,-1
pacific northwest national laboratory,http://www.plumvoice.com/
pactera,http://www.pactera.com/
pacteraedge,-1
pae,https://www.pae.com/
paige,http://www.paige.ai/
palermo's pizza,http://www.palermospizza.com/
pall,http://www.pall.com/
parkland center for clinical innovation,http://www.pccinnovation.org/
pathrise,-1
patientpoint,http://www.patientpoint.com/
patterson-kelley,http://www.rms.com/
payjunction,http://www.payjunction.com/
pci,http://www.gopci.com/
pearl insurance,http://www.pearlinsurance.com/
peloton interactive,http://www.onepeloton.com/
pennymac,http://www.pennymacusa.com/
"people ai, inc.",-1
people force consulting,-1
peoplesbank,http://www.bankatpeoples.com/
peraton,http://www.peraton.com/
peraton,-1
perfect world entertainment,http://www.perfectworld.com/
performance software,https://www.psware.com/
persistent systems inc.,-1
perspecta,-1
"pesystems, inc.",https://www.pesystems.com/
peterson technology partners,https://www.ptechpartners.com
peterson technology partners,http://www.ptechpartners.com/
phoenix operations group,http://www.phoenix-opsgroup.com/
piaggio fast forward,http://www.piaggiofastforward.com/
pike electric,http://www.pike.com/
pinnacle group,-1
"pioneer data systems, inc",http://pioneerdata.com/
pitney bowes,-1
pk,http://www.pkglobal.com/
pk global,https://pkglobal.com/
pls mechanical,http://www.plsmech.com/
plus3 it systems,http://www.plus3it.com/
plymouth rock assurance,http://www.plymouthrock.com/
pnnl,-1
point digital finance,http://www.point.com/
point72,http://www.point72.com/
point72 ventures,-1
power monitors,http://www.powermonitors.com/
"pragmatics, inc.",http://www.pragmatics.com/
precision resources,-1
precision system design,http://www.precisionsystems.com/
premera blue cross,http://www.premera.com/
presidio,https://www.presidio.com/
prestige staffing,-1
pri technology,-1
"primetime technologies, inc.",-1
principia biopharma,-1
"prismview, a samsung company",http://www.prismview.com/
productive edge,http://www.productiveedge.com/
profi vision,-1
progress residential,http://www.rentprogress.com/
project consulting group,-1
prolacta bioscience,http://www.prolacta.com/
prolim global,-1
proofpoint,http://www.proofpoint.com/us/careers/life-proofpoint
prospect infosys inc,-1
prudent technologies and consulting,http://www.prudentconsulting.com/
"ptc therapeutics, inc.",http://www.ptcbio.com/
publicis media,-1
pyramid consulting group,-1
"pyramid consulting, inc.",http://www.pyramidci.com/
q bio,http://www.q.bio/
q2 solutions,http://www.q2labsolutions.com/
qapital,http://www.qapital.com/
qcraft,-1
qomplx,http://www.qomplx.com/
quadrant inc,http://www.quadrantinc.com/
qualcomm,http://www.qualcomm.com/
"qualifacts systems, inc.",http://www.qualifacts.com/
qualys,http://www.qualys.com/
quantumblack,http://www.quantumblack.com/
quartet health,http://www.quartethealth.com/
queen consulting group,http://www.queencg.com/
quicken loans,http://www.quickenloans.com/
quicken loans inc.,https://www.quickenloans.com/
quotient technology inc.,http://www.quotient.com/
r1 rcm,http://www.r1rcm.com/
radio flyer inc.,http://www.radioflyer.com/
raisso inc.,-1
rally health,http://www.rallyhealth.com/
randstad,https://www.randstad.com/
rapidit,-1
"raycon, inc.",http://www.rayconglobal.com/
raytheon,http://www.rtx.com/
rba,http://www.rba.careers/
rcm solutions inc.,-1
re2 robotics,http://www.resquared.com/
reachmobi,http://www.reachmobi.com/
"real soft, inc./diversity direct",http://www.realsoftinc.com
recursion pharmaceuticals,http://www.recursionpharma.com/
redapt,http://www.redapt.com/
redjack,http://www.redjack.com/
reedgroup,http://www.gene.com/
reedgroup,http://www.reedgroup.com/
regeneron,http://www.regeneron.com/
relationship one,-1
relx group,http://www.relx.com/
remedi seniorcare,http://www.remedirx.com/
"remedy bpci partners, llc.",http://www.powerofremedy.com/
reonomy,http://www.reonomy.com/
reperio human capital,-1
reperio inc.,-1
responsive search,-1
resurgent capital services,http://www.resurgent.com/
"retailnext, inc.",-1
reuther+bowen,-1
revolutionary security,http://www.revsec.com/
reynolds american,http://www.reynoldsamerican.com/
ricoh,http://www.ricoh.com/
ring,http://www.ring.com/
risk management solutions (rms),http://www.rms.com/
riskiq,http://www.riskiq.com/
riverbed technologies,http://www.riverbed.com/
riverpoint inc,-1
riverside research institute,http://www.riversideresearch.org/
riverway business services,http://www.riverway.jobs/
rkf engineering solutions llc,-1
rm executive search firm,-1
rms computer corporation,http://www.rmscorp.com/
robert half,http://www.roberthalf.com/
rocket insights,http://www.rocketinsights.com/
rocket lawyer,http://www.rocketlawyer.com/
rockwell automation,http://www.rockwellautomation.com/
rockwell collins inc.,-1
"rodan and fields, llc",http://www.rodanandfields.com/
"roi data pro, llc",-1
rolfe carawan,-1
royce geospatial,http://www.roycegeo.com/
rubicon project,http://www.rubiconproject.com/
rubius therapeutics,http://www.rubiustx.com/
ruby receptionists,http://www.ruby.com/
rural sourcing,http://www.ruralsourcing.com/
"s&p global, inc.",-1
saab,http://www.saabgroup.com/
saama technologies inc,http://www.saama.com/
saavn,http://www.jiosaavn.com/
sacred heart hospital of pensacola,http://jobs.ascension.org/ourwork
safegraph,http://www.safegraph.com/
saic,-1
sailpoint technologies,http://www.sailpoint.com/
salient global technologies,-1
sallie mae,http://www.salliemae.com/
samba tv,http://www.samba.tv/
sammons financial,http://www.sammonsfinancial.com/
samsung research america,http://www.sra.samsung.com/
"samsung semiconductor, inc.",http://www.samsung.com/semiconductor
san manuel casino,http://www.sanmanuelcareers.com/
sandata technologies,http://www.sandata.com/
sandhills global,http://www.sandhills.com/
sandia national laboratories,http://www.sandia.gov/
sanofi,http://www.sanofi.com/
sansi north america,http://www.snadisplays.com/
sartorius,http://www.sartorius.com/career
scale ai,http://www.scale.com/
schoolsfirst fcu,http://www.schoolsfirstfcu.org/
scientific research corporation,http://www.scires.com
sciplay,http://www.sciplay.com/
scoop,http://www.takescoop.com/
scs engineers,http://www.scsengineers.com/
securetrust,http://www.securetrust.com/
security finance corporation of spartanburg,http://www.security-finance.com/
seen by indeed,-1
seescan,-1
"seguno software, inc.",-1
sei professional services,http://www.seisolarpros.com/
sentilink,http://www.q2labsolutions.com/
"servicelink management company, llc",-1
"sevee & maher engineers, inc.",-1
sevone,http://www.sevone.com/
sg gaming inc. f/k/a bally gaming inc.,-1
shared labs,-1
sheetz,http://www.sheetz.com/
shi international,http://www.shi.com/
shine systems,http://www.shinesystems.com/
shipt,http://www.shipt.com/
shorepoint,http://www.shorepointinc.com/
shutterfly,http://www.shutterflyinc.com/
sigma software,-1
sigmaways inc,-1
silicon valley bank,http://www.svb.com/
silman industries,http://www.silmanindustries.com/
"silverback therapeutics, inc.",-1
simulstat inc.,-1
sinclair community college,-1
sita,-1
"sixgen, inc.",-1
skilalogy,-1
skilled wound care,http://www.skilledwoundcare.com/
skoruz inc,-1
sky solutions llc,-1
skyrocket ventures,-1
sligo software solutions inc.,-1
slv moulya technologies inc,-1
smart synergies inc,-1
"smartnews, inc.",http://www.smartnews.com/
"smith johnson group, inc",http://www.smithjohnson.com
smule,http://www.smule.com/
snap finance llc,-1
snapsheet,-1
sni financial,-1
softthink solutions inc,-1
software engineering institute,http://www.sei.cmu.edu/
software engineering services corporation,http://www.sessolutions.com/
software technology inc,-1
"softworld, inc.",http://softworldinc.com
solaredge technologies inc.,http://www.solaredge.com/
solidus,-1
sound transit,-1
southwest research institute,http://www.swri.org/
spectra group inc.,-1
spectra tech inc.,https://www.spectratechinc.com/
spectrum,http://jobs.spectrum.com/
sphera solutions,http://www.sphera.com/
spino inc,-1
spok,http://www.spok.com/
"srg iii, llc dba spencer reed group",-1
staffing front inc,-1
staffing now,-1
stamps.com,-1
stara technologies,http://www.staratechnologies.com/
starbucks,http://www.starbucks.com/
state of wisconsin investment board,http://www.swib.state.wi.us/
stefanini,http://www.stefanini.com
stratacent,-1
stratagem group,http://www.stratagemgroup.com/
strategic employment partners,http://www.strategicemployment.com/
strategic financial solutions,http://www.stratfs.com/
strategic technology partners llc,http://www.stpfederal.com/
stratus technologies,http://www.stratus.com/
streetshares,http://www.streetshares.com/
stride consulting,http://www.stridenyc.com/
structured communications,http://www.structured.com/
sunovion,http://www.sunovion.com/
superior technical ceramics,-1
swiss re,http://www.swissre.com/
synapse product development inc.,http://www.synapse.com/
synechron,https://www.synechron.com/
synerfac technical staffing,http://www.synerfac.com/
synergisticit,-1
sysazzle,-1
sysmex america,http://www.sysmex.com/us
system automation,-1
system soft technologies,http://www.sstech.us/
system1,http://www.system1.com/
systems & technology research,http://www.stresearch.com/
systems evolution inc.,http://www.sei.com/
t and t consulting services inc,-1
t. rowe price,http://www.troweprice.com/
ta digital,http://www.techaspect.com/
ta instruments,http://www.tainstruments.com/
tachyon technologies,-1
takeda pharmaceuticals,http://www.takedajobs.com/
talent fusion us,-1
talent inc.,http://www.talentinc.com/
talentburst inc,http://www.talentburst.com/
tapjoy,http://www.tapjoy.com/
tatum,https://www.tatum-us.com/
"tcg, inc",https://www.tcg.com/
tcs,http://www.tcs.com
teachable,http://www.teachable.com/
teachers pay teachers,http://www.teacherspayteachers.com/
"teaching strategies, llc",http://www.teachingstrategies.com/
teamlogic it,http://www.teamlogicit.com/
teasdale latin foods,http://www.teasdalelatinfoods.com/
tech brains,-1
tech era inc.,-1
tech talent link,-1
technology hub,-1
technosoft,-1
techsmith corporation,http://www.techsmith.com/
tecolote research,http://www.tecolote.com/
tekniforce,-1
tekpartners,http://www.tekpartners.com/
"tekstream solutions, llc",http://www.tekstream.com/
telephonics,http://www.telephonics.com/
tempo automation,http://www.tempoautomation.com/
tempus labs,http://www.tempus.com/
tempus labs,http://www.sgainc.com/
tenable,http://www.tenable.com/
"terma north america, inc.",-1
testek solutions,http://www.testek.com/
the baer group,-1
the bergaila companies,http://www.bergaila.com/
the buffalo group,http://www.thebuffalogroup.com/
"the cei group, inc.",-1
the climate corporation,http://www.climate.com/
the david j. joseph company,http://www.djj.com/
the execusearch group,-1
the home depot,-1
the integer group,http://www.integer.com/
the judge group,https://www.judge.com
the jupiter group,-1
the knot worldwide,http://www.theknotww.com/
the l. s. starrett company,-1
the mil corporation (mil),-1
the mom project,http://www.themomproject.com/
the predictive index,http://www.predictiveindex.com/
the spaceship company,http://www.thespaceshipcompany.com/
the squires group,http://www.squiresgroup.com/
the syllogisteks company,http://www.syllogisteks.com/
the tech academy,-1
thedacare,-1
"threatmetrix, inc.",-1
thycotic,http://www.thycotic.com/
tibco software,http://www.tibco.com/
tiger analytics,-1
tigerconnect,http://www.tigerconnect.com/
timetrade systems,http://www.timetrade.com/
top prospect group,http://www.topprospectgroup.com/
torc robotics,http://www.torc.ai/
tory burch,http://www.toryburch.com/
touchsuite,http://www.touchsuite.com/
trace3,http://www.trace3.com/
translate bio,http://www.translate.bio/
translate bio,http://www.life360.com/
transunion,http://www.transunion.com/
tranzact,http://www.tranzact.net/
travelers,http://www.travelers.com/
tredence,http://www.tredence.com/
treehouse foods,http://www.treehousefoods.com/
"trellisware technologies, inc",http://www.trellisware.com/
trigyn technologies inc,-1
trihydro,http://www.trihydro.com/
trilogy ed,http://www.trilogyed.com/
trinity technology partners,-1
triplebyte,http://www.triplebyte.com/
tripwire interactive,http://www.tripwireinteractive.com/
triumph group,http://www.triumphgroup.com/
truist financial,http://www.thepremierfinancialinstitution.com/
tsm solutions,-1
tubi,-1
tufts health plan,http://www.tuftshealthplan.com/
turbine technology services,http://www.ttsenergyservices.com/
turn/river capital,http://www.turnriver.com/
"turnkey computer systems, llc",-1
ucb,-1
uis technology partners,http://www.uistechpartners.com/
uline,http://www.uline.com/
ungerboeck software international,http://www.ungerboeck.com/
univ. of redlands,-1
universal technologies (ny),http://www.univstech.com/
university of nebraska lincoln,-1
uplight,-1
upm pharmaceutical inc,-1
upmc-health system,-1
upstart,http://www.upstart.com/
us army ground vehicle systems center,-1
usdm life sciences,https://www.usdm.com/Home
"vaco, llc",http://www.vaco.com/
valkyrie trading,http://www.valkyrietrading.com/
vanda pharmaceuticals,http://www.vandapharma.com/
varo money,http://www.varomoney.com/
vegazva group,-1
vejars technologies,-1
venerable,http://www.venerableannuity.com/
veracyte,http://www.veracyte.com/
verisilicon,http://www.verisilicon.com/
verisilicon inc.,-1
vermont information processing,http://www.vtinfo.com/
verra mobility,http://www.verramobility.com/
versiti,http://www.versiti.org/
vertafore,http://www.vertafore.com/
vertex pharmaceuticals,http://www.vrtx.com/
vertex pharmaceuticals inc.,https://www.vrtx.com/
veterans united home loans,http://www.veteransunited.com/
vimo inc. dba getinsured,-1
vinaudit.com,-1
vir biotechnology,-1
virgin voyages,http://www.virginvoyages.com/
virtusa,http://www.virtusa.com/
visa inc.,http://www.visa.com/
vision metering,-1
visiting nurse service of new york,http://www.vnsny.org/
vitamin shoppe,http://www.vitaminshoppe.com/
"volume integration, llc",http://www.volumeintegration.com/
vsolvit llc,http://www.vsolvit.com/
"vst consulting, inc",http://www.vstconsulting.com/
vw automotive cloud,-1
w.l. gore,http://www.gore.com/
wal-mart,-1
walbec group,-1
walgreens,http://www.walgreens.com/
"walrath recruiting, inc.",http://walrathrecruiting.com/
walt disney company,https://jobs.disneycareers.com
washington health benefit exchange,http://www.wahbexchange.org/
webpt,http://www.webpt.com/
wells fargo,http://www.wellsfargojobs.com/
wescom central credit union,https://www.wescom.org/
wespath benefits and investments,http://www.wespath.org/
west bend mutual insurance co.,http://www.thesilverlining.com/
west pharmaceutical services,http://www.westpharma.com/
west yost associates,http://www.westyost.com/
westat,-1
western digital,http://jobs.wdc.com/
"whitney, bradley and brown",http://www.wbbinc.com/
wicresoft,https://us.wicresoft.com/
"wilco source, llc",-1
wings financial cu,http://www.wingsfinancial.com/
winsupply inc,-1
wirtz corporation,-1
wish,http://www.wish.com/
wk dickson,http://www.wkdickson.com/
wood,-1
woolpert,http://www.woolpert.com/
workstride,http://www.workstride.com/
world services llc,-1
wr systems,http://www.wrsystems.com/
wsecu,http://www.wsecu.org/
wuxi nextcode,http://www.wuxinextcode.com/
xavient digital- powered by telus international,-1
xignite,http://www.xignite.com/
xilinx,http://www.xilinx.com/
xor security,https://www.xorsecurity.com/
ygrene,http://www.ygrene.com/
zest ai,http://www.zest.ai/
zeta global,http://www.zetaglobal.com/
"zieman engineering, llc",http://www.cafemedia.com/
zonar systems,http://www.zonarsystems.com/
zoox inc.,-1
zt systems,http://www.ztsystems.com/
zurich na,-1
